[
  {
    "id": "otr_1_1",
    "name": "Otros 1-1",
    "category": "OTROS",
    "price": 0,
    "stock": 0,
    "desc": "",
    "image": "/images/otros/otros_p1_1.jpg",
    "tags": [],
    "featured": false
  },
  {
    "id": "otr_2_2",
    "name": "Otros 2-2",
    "category": "OTROS",
    "price": 0,
    "stock": 0,
    "desc": "",
    "image": "/images/otros/otros_p2_2.jpg",
    "tags": [],
    "featured": false
  },
  {
    "id": "otr_2_3",
    "name": "Otros 2-3",
    "category": "OTROS",
    "price": 0,
    "stock": 0,
    "desc": "",
    "image": "/images/otros/otros_p2_3.jpg",
    "tags": [],
    "featured": false
  },
  {
    "id": "otr_2_4",
    "name": "Otros 2-4",
    "category": "OTROS",
    "price": 0,
    "stock": 0,
    "desc": "",
    "image": "/images/otros/otros_p2_4.jpg",
    "tags": [],
    "featured": false
  },
  {
    "id": "otr_2_5",
    "name": "Otros 2-5",
    "category": "OTROS",
    "price": 0,
    "stock": 0,
    "desc": "",
    "image": "/images/otros/otros_p2_5.jpg",
    "tags": [],
    "featured": false
  },
  {
    "id": "otr_3_6",
    "name": "Otros 3-6",
    "category": "OTROS",
    "price": 0,
    "stock": 0,
    "desc": "",
    "image": "/images/otros/otros_p3_6.jpg",
    "tags": [],
    "featured": false
  },
  {
    "id": "otr_3_7",
    "name": "Otros 3-7",
    "category": "OTROS",
    "price": 0,
    "stock": 0,
    "desc": "",
    "image": "/images/otros/otros_p3_7.jpg",
    "tags": [],
    "featured": false
  },
  {
    "id": "otr_3_8",
    "name": "Otros 3-8",
    "category": "OTROS",
    "price": 0,
    "stock": 0,
    "desc": "",
    "image": "/images/otros/otros_p3_8.jpg",
    "tags": [],
    "featured": false
  },
  {
    "id": "otr_3_9",
    "name": "Otros 3-9",
    "category": "OTROS",
    "price": 0,
    "stock": 0,
    "desc": "",
    "image": "/images/otros/otros_p3_9.jpg",
    "tags": [],
    "featured": false
  },
  {
    "id": "otr_4_10",
    "name": "Otros 4-10",
    "category": "OTROS",
    "price": 0,
    "stock": 0,
    "desc": "",
    "image": "/images/otros/otros_p4_10.jpg",
    "tags": [],
    "featured": false
  },
  {
    "id": "otr_4_11",
    "name": "Otros 4-11",
    "category": "OTROS",
    "price": 0,
    "stock": 0,
    "desc": "",
    "image": "/images/otros/otros_p4_11.jpg",
    "tags": [],
    "featured": false
  },
  {
    "id": "otr_4_12",
    "name": "Otros 4-12",
    "category": "OTROS",
    "price": 0,
    "stock": 0,
    "desc": "",
    "image": "/images/otros/otros_p4_12.jpg",
    "tags": [],
    "featured": false
  },
  {
    "id": "otr_4_13",
    "name": "Otros 4-13",
    "category": "OTROS",
    "price": 0,
    "stock": 0,
    "desc": "",
    "image": "/images/otros/otros_p4_13.jpg",
    "tags": [],
    "featured": false
  },
  {
    "id": "otr_5_14",
    "name": "Otros 5-14",
    "category": "OTROS",
    "price": 0,
    "stock": 0,
    "desc": "",
    "image": "/images/otros/otros_p5_14.jpg",
    "tags": [],
    "featured": false
  },
  {
    "id": "otr_5_15",
    "name": "Otros 5-15",
    "category": "OTROS",
    "price": 0,
    "stock": 0,
    "desc": "",
    "image": "/images/otros/otros_p5_15.jpg",
    "tags": [],
    "featured": false
  },
  {
    "id": "otr_5_16",
    "name": "Otros 5-16",
    "category": "OTROS",
    "price": 0,
    "stock": 0,
    "desc": "",
    "image": "/images/otros/otros_p5_16.jpg",
    "tags": [],
    "featured": false
  },
  {
    "id": "otr_5_17",
    "name": "Otros 5-17",
    "category": "OTROS",
    "price": 0,
    "stock": 0,
    "desc": "",
    "image": "/images/otros/otros_p5_17.jpg",
    "tags": [],
    "featured": false
  },
  {
    "id": "otr_6_18",
    "name": "Otros 6-18",
    "category": "OTROS",
    "price": 0,
    "stock": 0,
    "desc": "",
    "image": "/images/otros/otros_p6_18.jpg",
    "tags": [],
    "featured": false
  },
  {
    "id": "otr_6_19",
    "name": "Otros 6-19",
    "category": "OTROS",
    "price": 0,
    "stock": 0,
    "desc": "",
    "image": "/images/otros/otros_p6_19.jpg",
    "tags": [],
    "featured": false
  },
  {
    "id": "otr_6_20",
    "name": "Otros 6-20",
    "category": "OTROS",
    "price": 0,
    "stock": 0,
    "desc": "",
    "image": "/images/otros/otros_p6_20.jpg",
    "tags": [],
    "featured": false
  },
  {
    "id": "otr_6_21",
    "name": "Otros 6-21",
    "category": "OTROS",
    "price": 0,
    "stock": 0,
    "desc": "",
    "image": "/images/otros/otros_p6_21.jpg",
    "tags": [],
    "featured": false
  },
  {
    "id": "otr_7_22",
    "name": "Otros 7-22",
    "category": "OTROS",
    "price": 0,
    "stock": 0,
    "desc": "",
    "image": "/images/otros/otros_p7_22.jpg",
    "tags": [],
    "featured": false
  },
  {
    "id": "otr_7_23",
    "name": "Otros 7-23",
    "category": "OTROS",
    "price": 0,
    "stock": 0,
    "desc": "",
    "image": "/images/otros/otros_p7_23.jpg",
    "tags": [],
    "featured": false
  },
  {
    "id": "otr_7_24",
    "name": "Otros 7-24",
    "category": "OTROS",
    "price": 0,
    "stock": 0,
    "desc": "",
    "image": "/images/otros/otros_p7_24.jpg",
    "tags": [],
    "featured": false
  },
  {
    "id": "otr_7_25",
    "name": "Otros 7-25",
    "category": "OTROS",
    "price": 0,
    "stock": 0,
    "desc": "",
    "image": "/images/otros/otros_p7_25.jpg",
    "tags": [],
    "featured": false
  },
  {
    "id": "otr_8_26",
    "name": "Otros 8-26",
    "category": "OTROS",
    "price": 0,
    "stock": 0,
    "desc": "",
    "image": "/images/otros/otros_p8_26.jpg",
    "tags": [],
    "featured": false
  },
  {
    "id": "otr_8_27",
    "name": "Otros 8-27",
    "category": "OTROS",
    "price": 0,
    "stock": 0,
    "desc": "",
    "image": "/images/otros/otros_p8_27.jpg",
    "tags": [],
    "featured": false
  },
  {
    "id": "otr_8_28",
    "name": "Otros 8-28",
    "category": "OTROS",
    "price": 0,
    "stock": 0,
    "desc": "",
    "image": "/images/otros/otros_p8_28.jpg",
    "tags": [],
    "featured": false
  },
  {
    "id": "otr_8_29",
    "name": "Otros 8-29",
    "category": "OTROS",
    "price": 0,
    "stock": 0,
    "desc": "",
    "image": "/images/otros/otros_p8_29.jpg",
    "tags": [],
    "featured": false
  },
  {
    "id": "otr_9_30",
    "name": "Otros 9-30",
    "category": "OTROS",
    "price": 0,
    "stock": 0,
    "desc": "",
    "image": "/images/otros/otros_p9_30.jpg",
    "tags": [],
    "featured": false
  },
  {
    "id": "otr_9_31",
    "name": "Otros 9-31",
    "category": "OTROS",
    "price": 0,
    "stock": 0,
    "desc": "",
    "image": "/images/otros/otros_p9_31.jpg",
    "tags": [],
    "featured": false
  },
  {
    "id": "otr_9_32",
    "name": "Otros 9-32",
    "category": "OTROS",
    "price": 0,
    "stock": 0,
    "desc": "",
    "image": "/images/otros/otros_p9_32.jpg",
    "tags": [],
    "featured": false
  },
  {
    "id": "otr_9_33",
    "name": "Otros 9-33",
    "category": "OTROS",
    "price": 0,
    "stock": 0,
    "desc": "",
    "image": "/images/otros/otros_p9_33.jpg",
    "tags": [],
    "featured": false
  },
  {
    "id": "otr_9_34",
    "name": "Otros 9-34",
    "category": "OTROS",
    "price": 0,
    "stock": 0,
    "desc": "",
    "image": "/images/otros/otros_p9_34.jpg",
    "tags": [],
    "featured": false
  },
  {
    "id": "otr_10_35",
    "name": "Otros 10-35",
    "category": "OTROS",
    "price": 0,
    "stock": 0,
    "desc": "",
    "image": "/images/otros/otros_p10_35.jpg",
    "tags": [],
    "featured": false
  },
  {
    "id": "otr_10_36",
    "name": "Otros 10-36",
    "category": "OTROS",
    "price": 0,
    "stock": 0,
    "desc": "",
    "image": "/images/otros/otros_p10_36.jpg",
    "tags": [],
    "featured": false
  },
  {
    "id": "otr_10_37",
    "name": "Otros 10-37",
    "category": "OTROS",
    "price": 0,
    "stock": 0,
    "desc": "",
    "image": "/images/otros/otros_p10_37.jpg",
    "tags": [],
    "featured": false
  },
  {
    "id": "otr_10_38",
    "name": "Otros 10-38",
    "category": "OTROS",
    "price": 0,
    "stock": 0,
    "desc": "",
    "image": "/images/otros/otros_p10_38.jpg",
    "tags": [],
    "featured": false
  },
  {
    "id": "otr_11_39",
    "name": "Otros 11-39",
    "category": "OTROS",
    "price": 0,
    "stock": 0,
    "desc": "",
    "image": "/images/otros/otros_p11_39.jpg",
    "tags": [],
    "featured": false
  },
  {
    "id": "otr_11_40",
    "name": "Otros 11-40",
    "category": "OTROS",
    "price": 0,
    "stock": 0,
    "desc": "",
    "image": "/images/otros/otros_p11_40.jpg",
    "tags": [],
    "featured": false
  },
  {
    "id": "otr_11_41",
    "name": "Otros 11-41",
    "category": "OTROS",
    "price": 0,
    "stock": 0,
    "desc": "",
    "image": "/images/otros/otros_p11_41.jpg",
    "tags": [],
    "featured": false
  },
  {
    "id": "otr_11_42",
    "name": "Otros 11-42",
    "category": "OTROS",
    "price": 0,
    "stock": 0,
    "desc": "",
    "image": "/images/otros/otros_p11_42.jpg",
    "tags": [],
    "featured": false
  },
  {
    "id": "otr_12_43",
    "name": "Otros 12-43",
    "category": "OTROS",
    "price": 0,
    "stock": 0,
    "desc": "",
    "image": "/images/otros/otros_p12_43.jpg",
    "tags": [],
    "featured": false
  },
  {
    "id": "otr_12_44",
    "name": "Otros 12-44",
    "category": "OTROS",
    "price": 0,
    "stock": 0,
    "desc": "",
    "image": "/images/otros/otros_p12_44.jpg",
    "tags": [],
    "featured": false
  },
  {
    "id": "otr_12_45",
    "name": "Otros 12-45",
    "category": "OTROS",
    "price": 0,
    "stock": 0,
    "desc": "",
    "image": "/images/otros/otros_p12_45.jpg",
    "tags": [],
    "featured": false
  },
  {
    "id": "otr_12_46",
    "name": "Otros 12-46",
    "category": "OTROS",
    "price": 0,
    "stock": 0,
    "desc": "",
    "image": "/images/otros/otros_p12_46.jpg",
    "tags": [],
    "featured": false
  },
  {
    "id": "otr_13_47",
    "name": "Otros 13-47",
    "category": "OTROS",
    "price": 0,
    "stock": 0,
    "desc": "",
    "image": "/images/otros/otros_p13_47.jpg",
    "tags": [],
    "featured": false
  },
  {
    "id": "otr_13_48",
    "name": "Otros 13-48",
    "category": "OTROS",
    "price": 0,
    "stock": 0,
    "desc": "",
    "image": "/images/otros/otros_p13_48.jpg",
    "tags": [],
    "featured": false
  },
  {
    "id": "otr_13_49",
    "name": "Otros 13-49",
    "category": "OTROS",
    "price": 0,
    "stock": 0,
    "desc": "",
    "image": "/images/otros/otros_p13_49.jpg",
    "tags": [],
    "featured": false
  },
  {
    "id": "otr_13_50",
    "name": "Otros 13-50",
    "category": "OTROS",
    "price": 0,
    "stock": 0,
    "desc": "",
    "image": "/images/otros/otros_p13_50.jpg",
    "tags": [],
    "featured": false
  },
  {
    "id": "otr_14_51",
    "name": "Otros 14-51",
    "category": "OTROS",
    "price": 0,
    "stock": 0,
    "desc": "",
    "image": "/images/otros/otros_p14_51.jpg",
    "tags": [],
    "featured": false
  },
  {
    "id": "otr_14_52",
    "name": "Otros 14-52",
    "category": "OTROS",
    "price": 0,
    "stock": 0,
    "desc": "",
    "image": "/images/otros/otros_p14_52.jpg",
    "tags": [],
    "featured": false
  },
  {
    "id": "otr_14_53",
    "name": "Otros 14-53",
    "category": "OTROS",
    "price": 0,
    "stock": 0,
    "desc": "",
    "image": "/images/otros/otros_p14_53.jpg",
    "tags": [],
    "featured": false
  },
  {
    "id": "otr_14_54",
    "name": "Otros 14-54",
    "category": "OTROS",
    "price": 0,
    "stock": 0,
    "desc": "",
    "image": "/images/otros/otros_p14_54.jpg",
    "tags": [],
    "featured": false
  },
  {
    "id": "otr_15_55",
    "name": "Otros 15-55",
    "category": "OTROS",
    "price": 0,
    "stock": 0,
    "desc": "",
    "image": "/images/otros/otros_p15_55.jpg",
    "tags": [],
    "featured": false
  },
  {
    "id": "otr_15_56",
    "name": "Otros 15-56",
    "category": "OTROS",
    "price": 0,
    "stock": 0,
    "desc": "",
    "image": "/images/otros/otros_p15_56.jpg",
    "tags": [],
    "featured": false
  },
  {
    "id": "otr_15_57",
    "name": "Otros 15-57",
    "category": "OTROS",
    "price": 0,
    "stock": 0,
    "desc": "",
    "image": "/images/otros/otros_p15_57.jpg",
    "tags": [],
    "featured": false
  },
  {
    "id": "otr_15_58",
    "name": "Otros 15-58",
    "category": "OTROS",
    "price": 0,
    "stock": 0,
    "desc": "",
    "image": "/images/otros/otros_p15_58.jpg",
    "tags": [],
    "featured": false
  },
  {
    "id": "otr_16_59",
    "name": "Otros 16-59",
    "category": "OTROS",
    "price": 0,
    "stock": 0,
    "desc": "",
    "image": "/images/otros/otros_p16_59.jpg",
    "tags": [],
    "featured": false
  },
  {
    "id": "otr_16_60",
    "name": "Otros 16-60",
    "category": "OTROS",
    "price": 0,
    "stock": 0,
    "desc": "",
    "image": "/images/otros/otros_p16_60.jpg",
    "tags": [],
    "featured": false
  },
  {
    "id": "otr_16_61",
    "name": "Otros 16-61",
    "category": "OTROS",
    "price": 0,
    "stock": 0,
    "desc": "",
    "image": "/images/otros/otros_p16_61.jpg",
    "tags": [],
    "featured": false
  },
  {
    "id": "otr_16_62",
    "name": "Otros 16-62",
    "category": "OTROS",
    "price": 0,
    "stock": 0,
    "desc": "",
    "image": "/images/otros/otros_p16_62.jpg",
    "tags": [],
    "featured": false
  },
  {
    "id": "otr_17_63",
    "name": "Otros 17-63",
    "category": "OTROS",
    "price": 0,
    "stock": 0,
    "desc": "",
    "image": "/images/otros/otros_p17_63.jpg",
    "tags": [],
    "featured": false
  },
  {
    "id": "otr_17_64",
    "name": "Otros 17-64",
    "category": "OTROS",
    "price": 0,
    "stock": 0,
    "desc": "",
    "image": "/images/otros/otros_p17_64.jpg",
    "tags": [],
    "featured": false
  },
  {
    "id": "otr_17_65",
    "name": "Otros 17-65",
    "category": "OTROS",
    "price": 0,
    "stock": 0,
    "desc": "",
    "image": "/images/otros/otros_p17_65.jpg",
    "tags": [],
    "featured": false
  },
  {
    "id": "otr_17_66",
    "name": "Otros 17-66",
    "category": "OTROS",
    "price": 0,
    "stock": 0,
    "desc": "",
    "image": "/images/otros/otros_p17_66.jpg",
    "tags": [],
    "featured": false
  },
  {
    "id": "otr_18_67",
    "name": "Otros 18-67",
    "category": "OTROS",
    "price": 0,
    "stock": 0,
    "desc": "",
    "image": "/images/otros/otros_p18_67.jpg",
    "tags": [],
    "featured": false
  },
  {
    "id": "otr_18_68",
    "name": "Otros 18-68",
    "category": "OTROS",
    "price": 0,
    "stock": 0,
    "desc": "",
    "image": "/images/otros/otros_p18_68.jpg",
    "tags": [],
    "featured": false
  },
  {
    "id": "otr_18_69",
    "name": "Otros 18-69",
    "category": "OTROS",
    "price": 0,
    "stock": 0,
    "desc": "",
    "image": "/images/otros/otros_p18_69.jpg",
    "tags": [],
    "featured": false
  },
  {
    "id": "otr_18_70",
    "name": "Otros 18-70",
    "category": "OTROS",
    "price": 0,
    "stock": 0,
    "desc": "",
    "image": "/images/otros/otros_p18_70.jpg",
    "tags": [],
    "featured": false
  },
  {
    "id": "otr_18_71",
    "name": "Otros 18-71",
    "category": "OTROS",
    "price": 0,
    "stock": 0,
    "desc": "",
    "image": "/images/otros/otros_p18_71.jpg",
    "tags": [],
    "featured": false
  },
  {
    "id": "otr_19_72",
    "name": "Otros 19-72",
    "category": "OTROS",
    "price": 0,
    "stock": 0,
    "desc": "",
    "image": "/images/otros/otros_p19_72.jpg",
    "tags": [],
    "featured": false
  },
  {
    "id": "otr_19_73",
    "name": "Otros 19-73",
    "category": "OTROS",
    "price": 0,
    "stock": 0,
    "desc": "",
    "image": "/images/otros/otros_p19_73.jpg",
    "tags": [],
    "featured": false
  },
  {
    "id": "otr_19_74",
    "name": "Otros 19-74",
    "category": "OTROS",
    "price": 0,
    "stock": 0,
    "desc": "",
    "image": "/images/otros/otros_p19_74.jpg",
    "tags": [],
    "featured": false
  },
  {
    "id": "otr_19_75",
    "name": "Otros 19-75",
    "category": "OTROS",
    "price": 0,
    "stock": 0,
    "desc": "",
    "image": "/images/otros/otros_p19_75.jpg",
    "tags": [],
    "featured": false
  },
  {
    "id": "otr_19_76",
    "name": "Otros 19-76",
    "category": "OTROS",
    "price": 0,
    "stock": 0,
    "desc": "",
    "image": "/images/otros/otros_p19_76.jpg",
    "tags": [],
    "featured": false
  },
  {
    "id": "otr_20_77",
    "name": "Otros 20-77",
    "category": "OTROS",
    "price": 0,
    "stock": 0,
    "desc": "",
    "image": "/images/otros/otros_p20_77.jpg",
    "tags": [],
    "featured": false
  },
  {
    "id": "otr_20_78",
    "name": "Otros 20-78",
    "category": "OTROS",
    "price": 0,
    "stock": 0,
    "desc": "",
    "image": "/images/otros/otros_p20_78.jpg",
    "tags": [],
    "featured": false
  },
  {
    "id": "otr_20_79",
    "name": "Otros 20-79",
    "category": "OTROS",
    "price": 0,
    "stock": 0,
    "desc": "",
    "image": "/images/otros/otros_p20_79.jpg",
    "tags": [],
    "featured": false
  },
  {
    "id": "otr_20_80",
    "name": "Otros 20-80",
    "category": "OTROS",
    "price": 0,
    "stock": 0,
    "desc": "",
    "image": "/images/otros/otros_p20_80.jpg",
    "tags": [],
    "featured": false
  },
  {
    "id": "com_21_1",
    "name": "Combos 21-1",
    "category": "COMBOS",
    "price": 0,
    "stock": 0,
    "desc": "",
    "image": "/images/combos/combos_p21_1.jpg",
    "tags": [],
    "featured": false
  },
  {
    "id": "com_21_2",
    "name": "Combos 21-2",
    "category": "COMBOS",
    "price": 0,
    "stock": 0,
    "desc": "",
    "image": "/images/combos/combos_p21_2.jpg",
    "tags": [],
    "featured": false
  },
  {
    "id": "com_21_3",
    "name": "Combos 21-3",
    "category": "COMBOS",
    "price": 0,
    "stock": 0,
    "desc": "",
    "image": "/images/combos/combos_p21_3.jpg",
    "tags": [],
    "featured": false
  },
  {
    "id": "com_21_4",
    "name": "Combos 21-4",
    "category": "COMBOS",
    "price": 0,
    "stock": 0,
    "desc": "",
    "image": "/images/combos/combos_p21_4.jpg",
    "tags": [],
    "featured": false
  },
  {
    "id": "otr_22_81",
    "name": "Otros 22-81",
    "category": "OTROS",
    "price": 0,
    "stock": 0,
    "desc": "",
    "image": "/images/otros/otros_p22_81.jpg",
    "tags": [],
    "featured": false
  },
  {
    "id": "otr_22_82",
    "name": "Otros 22-82",
    "category": "OTROS",
    "price": 0,
    "stock": 0,
    "desc": "",
    "image": "/images/otros/otros_p22_82.jpg",
    "tags": [],
    "featured": false
  },
  {
    "id": "otr_22_83",
    "name": "Otros 22-83",
    "category": "OTROS",
    "price": 0,
    "stock": 0,
    "desc": "",
    "image": "/images/otros/otros_p22_83.jpg",
    "tags": [],
    "featured": false
  },
  {
    "id": "otr_22_84",
    "name": "Otros 22-84",
    "category": "OTROS",
    "price": 0,
    "stock": 0,
    "desc": "",
    "image": "/images/otros/otros_p22_84.jpg",
    "tags": [],
    "featured": false
  },
  {
    "id": "otr_23_85",
    "name": "Otros 23-85",
    "category": "OTROS",
    "price": 0,
    "stock": 0,
    "desc": "",
    "image": "/images/otros/otros_p23_85.jpg",
    "tags": [],
    "featured": false
  },
  {
    "id": "otr_23_86",
    "name": "Otros 23-86",
    "category": "OTROS",
    "price": 0,
    "stock": 0,
    "desc": "",
    "image": "/images/otros/otros_p23_86.jpg",
    "tags": [],
    "featured": false
  },
  {
    "id": "otr_23_87",
    "name": "Otros 23-87",
    "category": "OTROS",
    "price": 0,
    "stock": 0,
    "desc": "",
    "image": "/images/otros/otros_p23_87.jpg",
    "tags": [],
    "featured": false
  },
  {
    "id": "otr_23_88",
    "name": "Otros 23-88",
    "category": "OTROS",
    "price": 0,
    "stock": 0,
    "desc": "",
    "image": "/images/otros/otros_p23_88.jpg",
    "tags": [],
    "featured": false
  },
  {
    "id": "otr_23_89",
    "name": "Otros 23-89",
    "category": "OTROS",
    "price": 0,
    "stock": 0,
    "desc": "",
    "image": "/images/otros/otros_p23_89.jpg",
    "tags": [],
    "featured": false
  },
  {
    "id": "otr_24_90",
    "name": "Otros 24-90",
    "category": "OTROS",
    "price": 0,
    "stock": 0,
    "desc": "",
    "image": "/images/otros/otros_p24_90.jpg",
    "tags": [],
    "featured": false
  },
  {
    "id": "otr_24_91",
    "name": "Otros 24-91",
    "category": "OTROS",
    "price": 0,
    "stock": 0,
    "desc": "",
    "image": "/images/otros/otros_p24_91.jpg",
    "tags": [],
    "featured": false
  },
  {
    "id": "otr_24_92",
    "name": "Otros 24-92",
    "category": "OTROS",
    "price": 0,
    "stock": 0,
    "desc": "",
    "image": "/images/otros/otros_p24_92.jpg",
    "tags": [],
    "featured": false
  },
  {
    "id": "otr_24_93",
    "name": "Otros 24-93",
    "category": "OTROS",
    "price": 0,
    "stock": 0,
    "desc": "",
    "image": "/images/otros/otros_p24_93.jpg",
    "tags": [],
    "featured": false
  },
  {
    "id": "otr_24_94",
    "name": "Otros 24-94",
    "category": "OTROS",
    "price": 0,
    "stock": 0,
    "desc": "",
    "image": "/images/otros/otros_p24_94.jpg",
    "tags": [],
    "featured": false
  },
  {
    "id": "otr_25_95",
    "name": "Otros 25-95",
    "category": "OTROS",
    "price": 0,
    "stock": 0,
    "desc": "",
    "image": "/images/otros/otros_p25_95.jpg",
    "tags": [],
    "featured": false
  },
  {
    "id": "otr_25_96",
    "name": "Otros 25-96",
    "category": "OTROS",
    "price": 0,
    "stock": 0,
    "desc": "",
    "image": "/images/otros/otros_p25_96.jpg",
    "tags": [],
    "featured": false
  },
  {
    "id": "otr_25_97",
    "name": "Otros 25-97",
    "category": "OTROS",
    "price": 0,
    "stock": 0,
    "desc": "",
    "image": "/images/otros/otros_p25_97.jpg",
    "tags": [],
    "featured": false
  },
  {
    "id": "otr_25_98",
    "name": "Otros 25-98",
    "category": "OTROS",
    "price": 0,
    "stock": 0,
    "desc": "",
    "image": "/images/otros/otros_p25_98.jpg",
    "tags": [],
    "featured": false
  },
  {
    "id": "per_26_1",
    "name": "Perfumes 26-1",
    "category": "PERFUMES",
    "price": 0,
    "stock": 0,
    "desc": "",
    "image": "/images/perfumes/perfumes_p26_1.jpg",
    "tags": [],
    "featured": false
  },
  {
    "id": "per_26_2",
    "name": "Perfumes 26-2",
    "category": "PERFUMES",
    "price": 0,
    "stock": 0,
    "desc": "",
    "image": "/images/perfumes/perfumes_p26_2.jpg",
    "tags": [],
    "featured": false
  },
  {
    "id": "per_26_3",
    "name": "Perfumes 26-3",
    "category": "PERFUMES",
    "price": 0,
    "stock": 0,
    "desc": "",
    "image": "/images/perfumes/perfumes_p26_3.jpg",
    "tags": [],
    "featured": false
  },
  {
    "id": "per_26_4",
    "name": "Perfumes 26-4",
    "category": "PERFUMES",
    "price": 0,
    "stock": 0,
    "desc": "",
    "image": "/images/perfumes/perfumes_p26_4.jpg",
    "tags": [],
    "featured": false
  },
  {
    "id": "otr_27_99",
    "name": "Otros 27-99",
    "category": "OTROS",
    "price": 0,
    "stock": 0,
    "desc": "",
    "image": "/images/otros/otros_p27_99.jpg",
    "tags": [],
    "featured": false
  },
  {
    "id": "otr_27_100",
    "name": "Otros 27-100",
    "category": "OTROS",
    "price": 0,
    "stock": 0,
    "desc": "",
    "image": "/images/otros/otros_p27_100.jpg",
    "tags": [],
    "featured": false
  },
  {
    "id": "otr_27_101",
    "name": "Otros 27-101",
    "category": "OTROS",
    "price": 0,
    "stock": 0,
    "desc": "",
    "image": "/images/otros/otros_p27_101.jpg",
    "tags": [],
    "featured": false
  },
  {
    "id": "otr_27_102",
    "name": "Otros 27-102",
    "category": "OTROS",
    "price": 0,
    "stock": 0,
    "desc": "",
    "image": "/images/otros/otros_p27_102.jpg",
    "tags": [],
    "featured": false
  },
  {
    "id": "otr_28_103",
    "name": "Otros 28-103",
    "category": "OTROS",
    "price": 0,
    "stock": 0,
    "desc": "",
    "image": "/images/otros/otros_p28_103.jpg",
    "tags": [],
    "featured": false
  },
  {
    "id": "otr_28_104",
    "name": "Otros 28-104",
    "category": "OTROS",
    "price": 0,
    "stock": 0,
    "desc": "",
    "image": "/images/otros/otros_p28_104.jpg",
    "tags": [],
    "featured": false
  },
  {
    "id": "otr_28_105",
    "name": "Otros 28-105",
    "category": "OTROS",
    "price": 0,
    "stock": 0,
    "desc": "",
    "image": "/images/otros/otros_p28_105.jpg",
    "tags": [],
    "featured": false
  },
  {
    "id": "otr_28_106",
    "name": "Otros 28-106",
    "category": "OTROS",
    "price": 0,
    "stock": 0,
    "desc": "",
    "image": "/images/otros/otros_p28_106.jpg",
    "tags": [],
    "featured": false
  },
  {
    "id": "car_29_1",
    "name": "Carteras 29-1",
    "category": "CARTERAS",
    "price": 0,
    "stock": 0,
    "desc": "",
    "image": "/images/carteras/carteras_p29_1.jpg",
    "tags": [],
    "featured": false
  },
  {
    "id": "car_29_2",
    "name": "Carteras 29-2",
    "category": "CARTERAS",
    "price": 0,
    "stock": 0,
    "desc": "",
    "image": "/images/carteras/carteras_p29_2.jpg",
    "tags": [],
    "featured": false
  },
  {
    "id": "car_29_3",
    "name": "Carteras 29-3",
    "category": "CARTERAS",
    "price": 0,
    "stock": 0,
    "desc": "",
    "image": "/images/carteras/carteras_p29_3.jpg",
    "tags": [],
    "featured": false
  },
  {
    "id": "car_29_4",
    "name": "Carteras 29-4",
    "category": "CARTERAS",
    "price": 0,
    "stock": 0,
    "desc": "",
    "image": "/images/carteras/carteras_p29_4.jpg",
    "tags": [],
    "featured": false
  },
  {
    "id": "otr_30_107",
    "name": "Otros 30-107",
    "category": "OTROS",
    "price": 0,
    "stock": 0,
    "desc": "",
    "image": "/images/otros/otros_p30_107.jpg",
    "tags": [],
    "featured": false
  },
  {
    "id": "otr_30_108",
    "name": "Otros 30-108",
    "category": "OTROS",
    "price": 0,
    "stock": 0,
    "desc": "",
    "image": "/images/otros/otros_p30_108.jpg",
    "tags": [],
    "featured": false
  },
  {
    "id": "otr_30_109",
    "name": "Otros 30-109",
    "category": "OTROS",
    "price": 0,
    "stock": 0,
    "desc": "",
    "image": "/images/otros/otros_p30_109.jpg",
    "tags": [],
    "featured": false
  },
  {
    "id": "otr_30_110",
    "name": "Otros 30-110",
    "category": "OTROS",
    "price": 0,
    "stock": 0,
    "desc": "",
    "image": "/images/otros/otros_p30_110.jpg",
    "tags": [],
    "featured": false
  },
  {
    "id": "otr_31_111",
    "name": "Otros 31-111",
    "category": "OTROS",
    "price": 0,
    "stock": 0,
    "desc": "",
    "image": "/images/otros/otros_p31_111.jpg",
    "tags": [],
    "featured": false
  },
  {
    "id": "otr_31_112",
    "name": "Otros 31-112",
    "category": "OTROS",
    "price": 0,
    "stock": 0,
    "desc": "",
    "image": "/images/otros/otros_p31_112.jpg",
    "tags": [],
    "featured": false
  },
  {
    "id": "otr_31_113",
    "name": "Otros 31-113",
    "category": "OTROS",
    "price": 0,
    "stock": 0,
    "desc": "",
    "image": "/images/otros/otros_p31_113.jpg",
    "tags": [],
    "featured": false
  },
  {
    "id": "otr_31_114",
    "name": "Otros 31-114",
    "category": "OTROS",
    "price": 0,
    "stock": 0,
    "desc": "",
    "image": "/images/otros/otros_p31_114.jpg",
    "tags": [],
    "featured": false
  },
  {
    "id": "otr_32_115",
    "name": "Otros 32-115",
    "category": "OTROS",
    "price": 0,
    "stock": 0,
    "desc": "",
    "image": "/images/otros/otros_p32_115.jpg",
    "tags": [],
    "featured": false
  },
  {
    "id": "otr_32_116",
    "name": "Otros 32-116",
    "category": "OTROS",
    "price": 0,
    "stock": 0,
    "desc": "",
    "image": "/images/otros/otros_p32_116.jpg",
    "tags": [],
    "featured": false
  },
  {
    "id": "otr_32_117",
    "name": "Otros 32-117",
    "category": "OTROS",
    "price": 0,
    "stock": 0,
    "desc": "",
    "image": "/images/otros/otros_p32_117.jpg",
    "tags": [],
    "featured": false
  },
  {
    "id": "otr_32_118",
    "name": "Otros 32-118",
    "category": "OTROS",
    "price": 0,
    "stock": 0,
    "desc": "",
    "image": "/images/otros/otros_p32_118.jpg",
    "tags": [],
    "featured": false
  },
  {
    "id": "otr_33_119",
    "name": "Otros 33-119",
    "category": "OTROS",
    "price": 0,
    "stock": 0,
    "desc": "",
    "image": "/images/otros/otros_p33_119.jpg",
    "tags": [],
    "featured": false
  },
  {
    "id": "otr_33_120",
    "name": "Otros 33-120",
    "category": "OTROS",
    "price": 0,
    "stock": 0,
    "desc": "",
    "image": "/images/otros/otros_p33_120.jpg",
    "tags": [],
    "featured": false
  },
  {
    "id": "otr_33_121",
    "name": "Otros 33-121",
    "category": "OTROS",
    "price": 0,
    "stock": 0,
    "desc": "",
    "image": "/images/otros/otros_p33_121.jpg",
    "tags": [],
    "featured": false
  },
  {
    "id": "otr_33_122",
    "name": "Otros 33-122",
    "category": "OTROS",
    "price": 0,
    "stock": 0,
    "desc": "",
    "image": "/images/otros/otros_p33_122.jpg",
    "tags": [],
    "featured": false
  },
  {
    "id": "cam_34_1",
    "name": "Camisetas 34-1",
    "category": "CAMISETAS",
    "price": 0,
    "stock": 0,
    "desc": "",
    "image": "/images/camisetas/camisetas_p34_1.jpg",
    "tags": [],
    "featured": false
  },
  {
    "id": "cam_34_2",
    "name": "Camisetas 34-2",
    "category": "CAMISETAS",
    "price": 0,
    "stock": 0,
    "desc": "",
    "image": "/images/camisetas/camisetas_p34_2.jpg",
    "tags": [],
    "featured": false
  },
  {
    "id": "cam_34_3",
    "name": "Camisetas 34-3",
    "category": "CAMISETAS",
    "price": 0,
    "stock": 0,
    "desc": "",
    "image": "/images/camisetas/camisetas_p34_3.jpg",
    "tags": [],
    "featured": false
  },
  {
    "id": "cam_34_4",
    "name": "Camisetas 34-4",
    "category": "CAMISETAS",
    "price": 0,
    "stock": 0,
    "desc": "",
    "image": "/images/camisetas/camisetas_p34_4.jpg",
    "tags": [],
    "featured": false
  },
  {
    "id": "cam_35_5",
    "name": "Camisetas 35-5",
    "category": "CAMISETAS",
    "price": 0,
    "stock": 0,
    "desc": "",
    "image": "/images/camisetas/camisetas_p35_5.jpg",
    "tags": [],
    "featured": false
  },
  {
    "id": "cam_35_6",
    "name": "Camisetas 35-6",
    "category": "CAMISETAS",
    "price": 0,
    "stock": 0,
    "desc": "",
    "image": "/images/camisetas/camisetas_p35_6.jpg",
    "tags": [],
    "featured": false
  },
  {
    "id": "cam_35_7",
    "name": "Camisetas 35-7",
    "category": "CAMISETAS",
    "price": 0,
    "stock": 0,
    "desc": "",
    "image": "/images/camisetas/camisetas_p35_7.jpg",
    "tags": [],
    "featured": false
  },
  {
    "id": "cam_35_8",
    "name": "Camisetas 35-8",
    "category": "CAMISETAS",
    "price": 0,
    "stock": 0,
    "desc": "",
    "image": "/images/camisetas/camisetas_p35_8.jpg",
    "tags": [],
    "featured": false
  },
  {
    "id": "com_36_5",
    "name": "Combos 36-5",
    "category": "COMBOS",
    "price": 0,
    "stock": 0,
    "desc": "",
    "image": "/images/combos/combos_p36_5.jpg",
    "tags": [],
    "featured": false
  },
  {
    "id": "com_36_6",
    "name": "Combos 36-6",
    "category": "COMBOS",
    "price": 0,
    "stock": 0,
    "desc": "",
    "image": "/images/combos/combos_p36_6.jpg",
    "tags": [],
    "featured": false
  },
  {
    "id": "com_36_7",
    "name": "Combos 36-7",
    "category": "COMBOS",
    "price": 0,
    "stock": 0,
    "desc": "",
    "image": "/images/combos/combos_p36_7.jpg",
    "tags": [],
    "featured": false
  },
  {
    "id": "com_36_8",
    "name": "Combos 36-8",
    "category": "COMBOS",
    "price": 0,
    "stock": 0,
    "desc": "",
    "image": "/images/combos/combos_p36_8.jpg",
    "tags": [],
    "featured": false
  },
  {
    "id": "com_37_9",
    "name": "Combos 37-9",
    "category": "COMBOS",
    "price": 0,
    "stock": 0,
    "desc": "",
    "image": "/images/combos/combos_p37_9.jpg",
    "tags": [],
    "featured": false
  },
  {
    "id": "com_37_10",
    "name": "Combos 37-10",
    "category": "COMBOS",
    "price": 0,
    "stock": 0,
    "desc": "",
    "image": "/images/combos/combos_p37_10.jpg",
    "tags": [],
    "featured": false
  },
  {
    "id": "com_37_11",
    "name": "Combos 37-11",
    "category": "COMBOS",
    "price": 0,
    "stock": 0,
    "desc": "",
    "image": "/images/combos/combos_p37_11.jpg",
    "tags": [],
    "featured": false
  },
  {
    "id": "com_37_12",
    "name": "Combos 37-12",
    "category": "COMBOS",
    "price": 0,
    "stock": 0,
    "desc": "",
    "image": "/images/combos/combos_p37_12.jpg",
    "tags": [],
    "featured": false
  },
  {
    "id": "com_38_13",
    "name": "Combos 38-13",
    "category": "COMBOS",
    "price": 0,
    "stock": 0,
    "desc": "",
    "image": "/images/combos/combos_p38_13.jpg",
    "tags": [],
    "featured": false
  },
  {
    "id": "com_38_14",
    "name": "Combos 38-14",
    "category": "COMBOS",
    "price": 0,
    "stock": 0,
    "desc": "",
    "image": "/images/combos/combos_p38_14.jpg",
    "tags": [],
    "featured": false
  },
  {
    "id": "com_38_15",
    "name": "Combos 38-15",
    "category": "COMBOS",
    "price": 0,
    "stock": 0,
    "desc": "",
    "image": "/images/combos/combos_p38_15.jpg",
    "tags": [],
    "featured": false
  },
  {
    "id": "com_38_16",
    "name": "Combos 38-16",
    "category": "COMBOS",
    "price": 0,
    "stock": 0,
    "desc": "",
    "image": "/images/combos/combos_p38_16.jpg",
    "tags": [],
    "featured": false
  },
  {
    "id": "com_38_17",
    "name": "Combos 38-17",
    "category": "COMBOS",
    "price": 0,
    "stock": 0,
    "desc": "",
    "image": "/images/combos/combos_p38_17.jpg",
    "tags": [],
    "featured": false
  },
  {
    "id": "com_39_18",
    "name": "Combos 39-18",
    "category": "COMBOS",
    "price": 0,
    "stock": 0,
    "desc": "",
    "image": "/images/combos/combos_p39_18.jpg",
    "tags": [],
    "featured": false
  },
  {
    "id": "com_39_19",
    "name": "Combos 39-19",
    "category": "COMBOS",
    "price": 0,
    "stock": 0,
    "desc": "",
    "image": "/images/combos/combos_p39_19.jpg",
    "tags": [],
    "featured": false
  },
  {
    "id": "com_39_20",
    "name": "Combos 39-20",
    "category": "COMBOS",
    "price": 0,
    "stock": 0,
    "desc": "",
    "image": "/images/combos/combos_p39_20.jpg",
    "tags": [],
    "featured": false
  },
  {
    "id": "com_39_21",
    "name": "Combos 39-21",
    "category": "COMBOS",
    "price": 0,
    "stock": 0,
    "desc": "",
    "image": "/images/combos/combos_p39_21.jpg",
    "tags": [],
    "featured": false
  },
  {
    "id": "com_40_22",
    "name": "Combos 40-22",
    "category": "COMBOS",
    "price": 0,
    "stock": 0,
    "desc": "",
    "image": "/images/combos/combos_p40_22.jpg",
    "tags": [],
    "featured": false
  },
  {
    "id": "com_40_23",
    "name": "Combos 40-23",
    "category": "COMBOS",
    "price": 0,
    "stock": 0,
    "desc": "",
    "image": "/images/combos/combos_p40_23.jpg",
    "tags": [],
    "featured": false
  },
  {
    "id": "com_40_24",
    "name": "Combos 40-24",
    "category": "COMBOS",
    "price": 0,
    "stock": 0,
    "desc": "",
    "image": "/images/combos/combos_p40_24.jpg",
    "tags": [],
    "featured": false
  },
  {
    "id": "com_40_25",
    "name": "Combos 40-25",
    "category": "COMBOS",
    "price": 0,
    "stock": 0,
    "desc": "",
    "image": "/images/combos/combos_p40_25.jpg",
    "tags": [],
    "featured": false
  },
  {
    "id": "com_41_26",
    "name": "Combos 41-26",
    "category": "COMBOS",
    "price": 0,
    "stock": 0,
    "desc": "",
    "image": "/images/combos/combos_p41_26.jpg",
    "tags": [],
    "featured": false
  },
  {
    "id": "com_41_27",
    "name": "Combos 41-27",
    "category": "COMBOS",
    "price": 0,
    "stock": 0,
    "desc": "",
    "image": "/images/combos/combos_p41_27.jpg",
    "tags": [],
    "featured": false
  },
  {
    "id": "com_41_28",
    "name": "Combos 41-28",
    "category": "COMBOS",
    "price": 0,
    "stock": 0,
    "desc": "",
    "image": "/images/combos/combos_p41_28.jpg",
    "tags": [],
    "featured": false
  },
  {
    "id": "com_41_29",
    "name": "Combos 41-29",
    "category": "COMBOS",
    "price": 0,
    "stock": 0,
    "desc": "",
    "image": "/images/combos/combos_p41_29.jpg",
    "tags": [],
    "featured": false
  }
]